email,password
0.8259607097452064@mail.com,user123
0.8342107363189104@mail.com,user123
0.899563705361559@mail.com,user123
0.5733886791304622@mail.com,user123
0.3559723980428254@mail.com,user123
0.9147217086194939@mail.com,user123